link,title
https://www.youtube.com/watch?v=Bx2S7JpdOp4,"Taj Mahal, India. 360 animation in 8K"
https://www.youtube.com/watch?v=TnALKnRUYTs,DNA Replication Web XR Demo (Biology)
https://www.youtube.com/watch?v=_WgbPqCCD_w,360 Video | Shark Encounter VR Experience
https://www.youtube.com/watch?v=ofZOo4IISiQ,Travel Without Leaving Home | 360 VR
https://www.youtube.com/watch?v=gaecVuIpHKk,Only 1% Can Solve This Mystery Riddle | 360 VR
https://www.youtube.com/watch?v=t0fnJ_pM3I0,Travel Through the Universe Without Leaving Your Couch | 360 VR
https://www.youtube.com/watch?v=ON4t1p3lPpk,Try to Get Out of Labyrinth In 5 Mins | VR 360
https://www.youtube.com/watch?v=p7Yn-jNDmH0,360 VR Risky Roller Coaster Ride with Dinos and Zombies
https://www.youtube.com/watch?v=-19_auJ1SGI,See How Far You Make It in Spooky 180 VR
https://www.youtube.com/watch?v=PFSPifbOvTk,360° VR Roller Coaster Mission to Save City from Monsters
https://www.youtube.com/watch?v=pVI_qqqNr9Q,Minecraft 360° VR Roller Coaster Ride Illusions Will Bend Your Brain
https://www.youtube.com/watch?v=Dk96JTfpSYc,Minecraft 360° VR Extreme Roller Coaster Ride Will Trick You
https://www.youtube.com/watch?v=ZvZ7da8JBUk,Extreme 360° VR Roller Coaster Ride Will Pump Your Adrenaline
https://www.youtube.com/watch?v=KG7zegh9qE4,Random42 Virtual Reality (VR) 360 Showreel
https://www.youtube.com/watch?v=MyW2Zz1Y5pc,Random42 Scientific Communication - Cardboard Viewer Setup
https://www.youtube.com/watch?v=7lvhrbK4XOs,Interactive Augmented Reality
https://www.youtube.com/watch?v=ZQdMh5RbOkg,Interactive VR Experience (HTC Vive)
https://www.youtube.com/watch?v=IOLurZsfSZ8,Intercellular – An Interbody VR Experience (Japanese Version)
https://www.youtube.com/watch?v=KbhA0k9KcLc,Intercellular – An Interbody VR Experience (Korean Version)
https://www.youtube.com/watch?v=a79Wp1kUtZ0,Monoclonal Antibody: Gamification VR Experience
https://www.youtube.com/watch?v=BF_i-c0Kqew,Random42 AR Stories | App Demo
https://www.youtube.com/watch?v=6NJQiBZ4gdk,Visualizing the COVID-19 Tragedy - 360 | National Geographic
https://www.youtube.com/watch?v=twVdBzQM-gc,Expedition Everest: The Science - 360 | National Geographic
https://www.youtube.com/watch?v=KM6HWp_ik2c,Expedition Everest: The Mission - 360 | National Geographic
https://www.youtube.com/watch?v=VVaYEnZUNHI,Grandpa’s Reef - 360 | National Geographic
https://www.youtube.com/watch?v=zCbQffIER_E,Lockdown Around the World | National Geographic
https://www.youtube.com/watch?v=XDZ39JJsSp0,Deep Sea Exploration - 360 | Into Water
https://www.youtube.com/watch?v=lTDsN6PGT2c,Canada's Wild Rivers - 360 | Into Water
https://www.youtube.com/watch?v=uwsDcbCfqZI,Indonesia's Coral Reefs - 360 | Into Water
https://www.youtube.com/watch?v=pzehE5A1Oi4,Iceland’s Glaciers - 360 | Into Water
https://www.youtube.com/watch?v=BK79eI71qxU,Clearing Everest's Trash - 360 | National Geographic
https://www.youtube.com/watch?v=X5yLiw1SQOo,An Elephant's Intelligence - Murchison Falls - Official Teaser #1 (8K 3D 360 VR Video)
https://www.youtube.com/watch?v=FMU0jd2IUks,Animal Compilation in VR - Episode 1 - 8K 360 Video
https://www.youtube.com/watch?v=PW9hxfuMt08,"Guided Safari In Queen Elizabeth Park, Uganda - 360 VR Video"
https://www.youtube.com/watch?v=r4QisBVtRgQ,Boat Safari With Tons Of Elephants & Hippos - 360 VR Video
https://www.youtube.com/watch?v=PusRw0HDfL0,Meet The Mountain Gorillas - 360 VR Video
https://www.youtube.com/watch?v=h3_R3f7phIM,"Giant Reef Manta Ray, Komodo Indonesia - 360 VR Video"
https://www.youtube.com/watch?v=tMLD0tcA9Ws,Labrador Retriever Puppies Playing - 6K 360 VR Video
https://www.youtube.com/watch?v=49Duf9VwSHQ,"Sheep and Lambs in the Snow, Winter in the Netherlands VR - 6K 3D 360 Video"
https://www.youtube.com/watch?v=xlGYsl-BA10,Animal Compilation in VR - Episode 2 - 8K 360 Video
https://www.youtube.com/watch?v=eFpYYqDK4wQ,Juvenile Lions - Murchison Falls - Official Teaser #3 (8K 3D 360 VR Video)
